Sheet,Column,Description,Allowed values
0_Systems,UniqueId,Stable unique key for the system row. Used as the reference everywhere else. Add the row before using the id.,Exact unique id (e.g. FCC; NAC; EM)
0_Systems,Textual Name,Human-readable equipment or grouping name.,
0_Systems,Installed In/Part of,"Containment parent UniqueId, the parent could the Aircraft, a zone (which represent a virtual grouping) or another component. Empty for aircraft root or functional-only rows.",UniqueId from 0_Systems
0_Systems,Domain,"Optional functional grouping only. Not used for instance expansion, only for review and display.",UniqueId of a Type=Domain row
0_Systems,Type,"Aircraft is use as start of the tree for component hiearchy.
Domain is an abstract grouping of physical component (use only to ease review)
Zone are intermediate grouping elements when no physical component exist.
Component regroup final LRU and group of component.",Aircraft; Domain; Zone; Component
0_Systems,Multiplicity,"Count per parent instance (not aircraft total). Empty or 1 for Aircraft/Domain. Instance names follow from it: UniqueId-1..N, with one ordinal per multiplied level of the containment chain.",Positive integer; empty for Aircraft/Domain
0_Systems,Description,Free-text description of the system.,
0_Systems,Notes,Free-text notes describing the system as it currently stands.,
1_Signals,Signal Id,Stable primary key for the logical signal. Never reuse.,unique id
1_Signals,Same quantity as,"The other Signal Ids that observe one and the same real-world quantity: a sensor and its backup, a CON and a MON channel, the same bus voltage measured at several points, a measured and an estimated value. Test: one change in the world moves them all at once. Declared on every member of the group, each listing the others.",Semicolon-separated Signal Id
1_Signals,Signal Name,Name of what is measured or commanded.,
1_Signals,Signal Role,"What kind of interface the row is, which also fixes how Interfacing Equipment and Signal Owner relate. 

Measurement: state acquired by a component from sensing hardware, including crew levers, selectors and pushbuttons; Interfacing equipement to Owner.

Command: hardwired drive of an effector or safety device; Owner to Physical; Analog or Discrete.

Request: setpoint, enable or mode asked of another controller over a data bus; Owner to Interfacing Equipment; Digital.

Computed: value derived by its owner, defined as an intermediate and derived state from other inputs. Interfacing Equipment empty.

Power: electrical supply, Owner is the source and Interfacing Equipment the load; Interface Type says which network (Low Power 28 V or High Power 800 V). See the Signal Role philosophy section in README.",Measurement; Command; Request; Computed; Power
1_Signals,Abbreviation,Short label for the signal.,
1_Signals,Interfacing Equipment,Equipment the quantity belongs to.,UniqueId from 0_Systems
1_Signals,Signal Owner,System that owns the signal path / computation.,UniqueId from 0_Systems
1_Signals,Repeated Per,Extra instance dimensions not already implied by owner/physical. Bare UniqueIds only — not NAC-1.,Semicolon-separated 0_Systems UniqueIds
1_Signals,Connection Type,Free-text connection or sensing technology note.,
1_Signals,Interface Type,"Physical interface kind. Drives the Analog / Discrete / Low Power / High Power topology links when Physical is not the Owner. Low Power is the 28 V supply network, High Power the 800 V traction network.",Digital; Analog; Discrete; Low Power; High Power
1_Signals,Unit,Engineering unit when applicable.,
1_Signals,Functional Minimum,Lower end of the functional range of the quantity itself: the smallest value the interface is expected to carry in service. Independent of how it is encoded on any bus.,
1_Signals,Functional Maximum,Upper end of the functional range of the quantity itself. Aircraft pitch may be functionally limited to 45 deg while the bus encoding allows 90 deg; the 45 deg belongs here and the 90 deg on the allocation row.,
1_Signals,Computed from,"The Signal Ids this value is produced from: inputs of a computation, or the upstream signal when an owner re-emits an intent it received (HICU forwarding an MBMS limit). Signal Ids only, semicolon separated - explain the calculation in Notes. Empty when the owner relays a value unchanged under the same Signal Id, and for protocol fields such as counters and CRCs. This is an interface document: do not record engineering analysis such as which measurement a command is tuned against.",Semicolon-separated Signal Id
1_Signals,Notes,Free-text notes describing the signal as it currently stands. Do not record change history here.,
1_Signals,On aircraft ?,Platform applicability flag.,Yes; No; TBD; or free text
1_Signals,On FND ?,Platform applicability flag.,Yes; No; TBD; or free text
1_Signals,On Sim ?,Platform applicability flag.,Yes; No; TBD; or free text
10_Databuses,Bus Id,Stable id for this physical bus instance.,e.g. NAC_CTRL_1
10_Databuses,Bus name,Human-readable bus instance name.,
10_Databuses,Bus Definition,Name of the bus-definition tab holding this bus family's allocations. The value must match the tab name exactly; this is the link between a physical bus and its payload.,Exact sheet name (e.g. NAC_CTRL)
10_Databuses,Bus description,Short statement of what the bus is used for.,
10_Databuses,Protocol,Transport / protocol name.,e.g. RS485; A825; A429
10_Databuses,Speed,Link speed or bit rate when known.,
10_Databuses,Topology,Link shape. Digital mono/shared color the databus; Analog/Discrete/Power are non-digital kinds.,Unidirectional; Shared; Analog; Discrete; Low Power; High Power
10_Databuses,Sender,"Sending LRU nodes on this bus instance, named individually. Build each name with the instance naming rule in README: base UniqueId plus one ordinal per multiplicative level of its containment chain, outermost first (HICU-3, EMC-1-2, BMU-1-7).",Semicolon-separated instance names derived from 0_Systems
10_Databuses,Receiver,"Receiving LRU nodes on this bus instance, named individually. Same rule as Sender: base UniqueId plus one ordinal per multiplicative level, outermost first.",Semicolon-separated instance names derived from 0_Systems
10_Databuses,On aircraft ?,Platform applicability flag.,Yes; No; TBD; or free text
10_Databuses,On FND ?,Platform applicability flag.,Yes; No; TBD; or free text
10_Databuses,On Sim ?,Platform applicability flag.,Yes; No; TBD; or free text
Bus-definition tabs,Allocation Id,"Stable primary key for the allocation row. Must be unique across all bus-definition tabs, not only within one tab. Never reuse; keep the value unchanged if the row moves to another tab.","Free text, unique workbook-wide"
Bus-definition tabs,Data name,Human-readable name of the data item as carried on this bus.,
Bus-definition tabs,Sender,"Producing LRU. Must be a node of every bus instance that uses this definition, i.e. present in the Sender list of the matching 10_Databuses rows.",Semicolon-separated UniqueIds from 0_Systems
Bus-definition tabs,Receiver,"Consuming LRUs. Each must be a node of every bus instance that uses this definition, i.e. present in the Receiver list of the matching 10_Databuses rows.",Semicolon-separated UniqueIds from 0_Systems
Bus-definition tabs,Instance dimension,Repeat of this allocation within a single bus instance. Empty when the definition already yields one occurrence per bus instance.,Instance dimension from 0_Systems (e.g. PACK-{n}; EM-{n})
Bus-definition tabs,Signal Id,"Foreign key to the canonical logical signal, exactly one per allocation. A signal crossing a relay keeps one Signal Id and appears as several allocations; relay hops never create extra rows in 1_Signals.",Existing Signal Id from 1_Signals
Bus-definition tabs,Message ID,"Transport message identity (A825/CAN DOC or arbitration id, or A429 label).",One Message ID = one frame type for bandwidth/load analysis.
Bus-definition tabs,Label,Human message / frame name when useful.,Optional companion to Message ID.
Bus-definition tabs,Start bit,MSB of the field within the message (inclusive).,Pair with stop bit; replaces bit_or_field.
Bus-definition tabs,Stop bit,LSB of the field within the message (inclusive).,Pair with start bit; replaces bit_or_field.
Bus-definition tabs,Encoding,Wire encoding of the value.,e.g. BNR; BCD; Discrete; TBD
Bus-definition tabs,Unit,Engineering unit as carried on this bus. May differ from the 1_Signals unit when a scale is applied.,
Bus-definition tabs,Scale,Scale factor between the engineering value and the wire value.,
Bus-definition tabs,Resolution,Least significant bit value or quantisation step.,
Bus-definition tabs,Minimum,Lower bound of the encoding on this bus: the smallest value the field can represent. Usually wider than the functional minimum in 1_Signals.,
Bus-definition tabs,Maximum,Upper bound of the encoding on this bus: the largest value the field can represent. Usually wider than the functional maximum in 1_Signals.,
Bus-definition tabs,Refresh period (ms),"Nominal refresh period of this data item, in milliseconds (not a frequency).",Positive number; TBD until defined
Bus-definition tabs,Validity,"How the receiver determines that the data item is valid (validity bit, sign status matrix, freshness timeout).",Free text; TBD until defined
Bus-definition tabs,Notes,Free-text notes describing the interface as it currently stands. Do not record change history here.,
Bus-definition tabs,On aircraft ?,Platform applicability flag.,Yes; No; TBD; or free text
Bus-definition tabs,On FND ?,Platform applicability flag.,Yes; No; TBD; or free text
Bus-definition tabs,On Sim ?,Platform applicability flag.,Yes; No; TBD; or free text
